{
    "rmse": 2.0801207696756694,
    "mae": 1.4107547831611202,
    "r2": 0.8121644183751938
}