{
    "rmse": 2.0710603264756124,
    "mae": 1.3974706307676021,
    "r2": 0.813797176619366
}