{
    "rmse": 2.1129120584351413,
    "mae": 1.4369030159840643,
    "r2": 0.8061956117176758
}